obj,loss,time
252873.19825686768,17795.80234646509,527.0
253328.08724451376,17340.913358819,565.0
253638.71966971213,17030.28093362064,612.0
253873.3525417941,16795.648061538668,642.0
254358.10542047414,16310.895182858629,671.0
254893.99247846374,15775.008124869026,699.0
254913.7696494056,15755.230953927152,726.0
254945.0460865307,15723.95451680207,750.0
255200.52368751285,15468.47691581992,773.0
255738.29560448288,14930.704998849891,798.0
256078.9363988175,14590.064204515278,834.0
256225.6595840607,14443.341019272077,857.0
256229.3141569189,14439.686446413863,916.0
256320.82909247588,14348.17151085689,952.0
256363.47252900465,14305.528074328118,988.0
256397.50646704173,14271.494136291032,1036.0
256404.49409939055,14264.506503942219,1070.0
256442.5810042983,14226.419599034474,1094.0
256494.83559169783,14174.165011634934,1117.0
256670.78950773034,13998.211095602426,1140.0
257003.4225497867,13665.57805354608,1167.0
257255.16768116888,13413.832922163885,1202.0
257361.33850379856,13307.66209953421,1225.0
257368.8085129988,13300.192090333963,1285.0
257536.38876429337,13132.611839039397,1355.0
257632.5900009281,13036.410602404678,1379.0
257696.79414602864,12972.206457304128,1414.0
257864.04032454785,12804.960278784914,1437.0
258067.08676737972,12601.913835953048,1460.0
258068.0844189254,12600.916184407368,1483.0
258098.43120464476,12570.569398688007,1505.0
258100.2861966604,12568.71440667237,1540.0
258203.4534564304,12465.547146902361,1585.0
258299.4459160333,12369.554687299475,1607.0
258566.72122548035,12102.279377852421,1630.0
258653.9132811364,12015.08732219637,1652.0
258654.22244837056,12014.778154962201,1686.0
258755.08188915078,11913.918714181986,1731.0
258816.61733599505,11852.383267337718,1757.0
258908.06642826964,11760.934175063128,1826.0
259110.94935888163,11558.05124445114,1917.0
259165.63046602323,11503.37013730954,1940.0
259466.9792975741,11202.02130575868,1985.0
259533.45842885633,11135.542174476432,2007.0
259580.0403220442,11088.960281288571,2052.0
259651.2438936352,11017.756709697569,2107.0
259668.14153707246,11000.85906626031,2230.0
259690.3497682817,10978.650835051056,2332.0
259767.38542148168,10901.615181851084,2424.0
259782.65866151146,10886.341941821302,2457.0
259783.60335779493,10885.397245537839,2501.0
259785.1302730784,10883.870330254373,2603.0
259792.25911220378,10876.741491128982,2648.0
259852.53805735774,10816.462545975024,2670.0
259887.09573136363,10781.904871969135,2715.0
259907.88617440505,10761.114428927714,2748.0
259989.02021504423,10679.980388288532,2906.0
259990.25752337577,10678.743079957,3054.0
260029.73570664713,10639.264896685636,3087.0
260035.19220523915,10633.80839809362,3108.0
260041.12206343704,10627.878539895726,3197.0
260044.2985057965,10624.702097536268,3365.0
260070.55781936244,10598.442783970328,3387.0
260132.6807616794,10536.31984165337,3533.0
260221.11629172394,10447.884311608825,3555.0
260255.1421779731,10413.858425359678,3588.0
260302.25367068086,10366.746932651906,3699.0
260302.8248660603,10366.175737272453,3744.0
260406.35561285738,10262.644990475383,3800.0
260408.18497084954,10260.815632483223,3844.0
260523.46613214177,10145.534471191,3866.0
260550.4813480786,10118.519255254156,3899.0
260595.6340018895,10073.366601443267,3932.0
260676.32785466732,9992.672748665442,4001.0
260701.65164636832,9967.348956964444,4080.0
260702.8430889531,9966.15751437968,4157.0
260713.64178062355,9955.358822709211,4212.0
260722.96048872513,9946.040114607633,4234.0
260727.77367567888,9941.226927653886,4269.0
260757.70136657057,9911.299236762192,4302.0
260785.72528997765,9883.275313355116,4335.0
260810.17576498084,9858.824838351924,4424.0
260812.4896117498,9856.510991582967,4580.0
260835.15334579002,9833.847257542744,4624.0
260837.48155801784,9831.519045314926,4691.0
260850.16759684603,9818.833006486733,4870.0
260896.76882648308,9772.231776849687,4985.0
260905.9826205047,9763.017982828052,5006.0
260912.3045590403,9756.696044292476,5028.0
260915.23089481323,9753.76970851954,5061.0
261012.04711499182,9656.95348834095,5150.0
261015.3521881858,9653.648415146978,5172.0
261015.8068694259,9653.193733906868,5250.0
261193.2999789337,9475.700624399062,5317.0
261193.9679501131,9475.032653219678,5339.0
261276.61513829793,9392.385465034837,5405.0
261284.73739197897,9384.263211353798,5449.0
261295.08409359204,9373.916509740724,5563.0
261323.45346586496,9345.547137467802,5585.0
261376.074565547,9292.926037785772,5732.0
261387.0687554544,9281.931847878353,5789.0
261420.0418987088,9248.958704623976,5914.0
261422.1371751568,9246.863428175973,6355.0
261423.15668336462,9245.843919968145,6376.0
261427.1463932778,9241.854210054968,6432.0
261438.48272561858,9230.517877714185,6487.0
261439.20773438344,9229.792868949327,6543.0
261439.57237902313,9229.428224309639,6576.0
261443.13595881467,9225.864644518093,6687.0
261483.21804883162,9185.782554501144,6884.0
261491.23446981248,9177.766133520287,6906.0
261508.4122050245,9160.58839830826,6998.0
261708.94966344468,8960.050939888082,7020.0
261709.34740070012,8959.653202632646,7124.0
261709.3576287813,8959.642974551476,7424.0
261715.93778478605,8953.062818546721,7505.0
261754.3450859535,8914.655517379259,7563.0
261755.46056360105,8913.540039731713,7609.0
261862.48917274037,8806.511430592393,7689.0
261862.7966506425,8806.203952690266,7970.0
261900.3873485487,8768.613254784053,8084.0
261900.45693490235,8768.543668430415,8142.0
261955.07802070162,8713.922582631145,8246.0
262039.07114146388,8629.929461868887,8269.0
262039.67738827638,8629.323215056385,8510.0
262041.90839700046,8627.092206332309,8737.0
262042.02281336076,8626.977789972007,8759.0
262045.51754972636,8623.483053606411,8792.0
262175.35584237386,8493.644760958909,8814.0
262175.36431007396,8493.636293258809,9009.0
262175.3975011603,8493.603102172492,9032.0
262314.36571683147,8354.634886501299,9054.0
262326.1742370968,8342.826366235968,9110.0
262326.2619420608,8342.738661271986,9156.0
262342.2477036718,8326.752899660962,9200.0
262344.8609006431,8324.13970268966,9279.0
262345.3982615558,8323.602341776947,9451.0
262345.5412847641,8323.459318568639,9499.0
262417.17057299236,8251.83003034041,9533.0
262441.0048405193,8227.995762813487,9555.0
262446.83615160617,8222.164451726596,9679.0
262446.8477770237,8222.152826309088,10104.0
262457.5855957378,8211.415007594973,10149.0
262457.8624752162,8211.138128116552,10183.0
262457.90389914566,8211.096704187104,10472.0
262458.9605030207,8210.040100312093,10560.0
262462.27672283247,8206.7238805003,10605.0
262503.52209601883,8165.478507313936,10767.0
262505.78846283,8163.212140502757,10835.0
262506.14096957026,8162.859633762506,11009.0
262535.7828672022,8133.21773613058,11241.0
262536.49121709587,8132.509386236896,11448.0
262536.5205732572,8132.480030075589,11587.0
262536.55203469575,8132.448568637017,11643.0
262617.16458475136,8051.836018581409,11851.0
262742.8883070986,7926.112296234176,11978.0
262742.9665663653,7926.034036967438,12012.0
262743.3257490987,7925.674854234094,12128.0
262743.7254481243,7925.275155208481,12264.0
262744.1852059817,7924.815397351049,12379.0
262744.2444621376,7924.75614119519,12632.0
262911.11734951835,7757.88325381442,12666.0
262922.1570130981,7746.843590234639,12860.0
262923.54481875204,7745.4557845807285,12882.0
262923.666943664,7745.333659668744,13238.0
262943.33499413513,7725.665609197633,13322.0
262949.10044472426,7719.900158608507,13412.0
262950.62273918145,7718.37786415132,13434.0
262951.502614437,7717.497988895746,13501.0
262951.8857158446,7717.114887488191,13602.0
262952.82664037775,7716.173962955014,13658.0
262957.51515628793,7711.485447044834,13883.0
262961.10280602926,7707.897797303507,13987.0
262966.0796326177,7702.9209707150585,14180.0
262992.1897219934,7676.810881339363,14247.0
262992.8955382178,7676.105065114971,14361.0
263026.6725771796,7642.328026153147,14475.0
263027.2832775782,7641.71732575458,14520.0
263027.48644176306,7641.514161569707,14553.0
263034.9093808366,7634.091222496179,14620.0
263053.35933096905,7615.641272363719,14969.0
263056.4718670278,7612.528736304957,15160.0
263061.3427837556,7607.6578195771435,15385.0
263062.498460744,7606.502142588783,15441.0
263063.80622602504,7605.194377307722,15543.0
263063.85779648117,7605.142806851596,15703.0
263107.46958812344,7561.53101520933,15827.0
263121.9023075263,7547.0982958064415,16357.0
263134.67591968563,7534.324683647137,16528.0
263160.32644695754,7508.674156375229,16999.0
263162.74081440177,7506.259788930998,17350.0
263163.80224389065,7505.198359442118,17521.0
263163.86825252534,7505.132350807427,17726.0
263163.87153640256,7505.129066930211,17851.0
263163.8941178739,7505.106485458848,17919.0
263164.18875744543,7504.811845887336,17964.0
263164.2045230879,7504.79608024488,18077.0
263164.20598006726,7504.794623265509,18133.0
263194.34298544563,7474.657617887133,18337.0
263345.23261451797,7323.767988814798,18404.0
263345.49038340186,7323.510219930904,18539.0
263366.3393914493,7302.661211883475,18807.0
263367.6185219239,7301.3820814088685,18991.0
263367.63966833055,7301.360935002216,19129.0
263367.8552359023,7301.145367430465,19162.0
263408.27949911274,7260.7211042200215,19254.0
263421.23938454915,7247.76121878362,19344.0
263435.52206675,7233.478536582785,19366.0
263450.7749973755,7218.225605957268,19422.0
263454.15759534185,7214.843007990916,19455.0
263454.50828806555,7214.492315267213,19477.0
263455.06550144055,7213.935101892217,19815.0
263455.3586522353,7213.6419510974665,19996.0
263455.7179337593,7213.28266957344,20382.0
263458.17465089896,7210.825952433806,20700.0
263459.56915211456,7209.431451218203,20812.0
263460.22168248316,7208.778920849611,20857.0
263463.1312050357,7205.8693982970435,21107.0
263502.67088071135,7166.32972262142,21175.0
263526.0181072778,7142.9824960549595,21390.0
263590.84562799335,7078.154975339421,21469.0
263591.9547541634,7077.045849169372,21684.0
263601.0543205233,7067.946282809484,22002.0
263620.94802115124,7048.0525821815245,22058.0
263654.04677337455,7014.95382995822,22080.0
263654.29809014674,7014.702513186028,22251.0
263654.53675283917,7014.463850493601,22295.0
263662.94853555295,7006.0520677798195,22340.0
263801.19003115,6867.81057218276,22430.0
263801.55191683816,6867.448686494608,22644.0
263802.58409322094,6866.416510111827,22861.0
263804.08100500837,6864.919598324399,22951.0
263857.8975192763,6811.103084056464,23132.0
263858.925189995,6810.075413337792,23176.0
263872.61746915313,6796.383134179632,23243.0
263872.90772987955,6796.092873453221,23276.0
263872.9352723664,6796.065330966376,23560.0
263974.09793846356,6694.902664869209,23946.0
264046.59674173035,6622.403861602419,24174.0
264051.9655546677,6617.035048665071,24218.0
264051.96555466775,6617.035048665013,24308.0
264058.63068752806,6610.369915804709,24365.0
264059.28089893237,6609.719704400399,24807.0
264059.85115870566,6609.14944462711,25470.0
264061.22646243917,6607.774140893598,25515.0
264120.17761757254,6548.822985760227,25675.0
264120.32803933165,6548.672564001114,25742.0
264125.6692303486,6543.331372984161,25946.0
264126.18456013454,6542.816043198225,26072.0
264126.274304791,6542.726298541762,26117.0
264127.8499145329,6541.150688799855,26150.0
264185.43016124435,6483.570442088414,26206.0
264185.4472332467,6483.553370086069,26251.0
264185.8701432214,6483.130460111366,26297.0
264370.5250844398,6298.475518892985,26384.0
264376.2659104475,6292.734692885249,26452.0
264378.1512567978,6290.849346534989,26634.0
264378.1829758577,6290.817627475073,26847.0
264433.7342251519,6235.266378180881,26868.0
264433.74070888385,6235.259894448915,27130.0
264780.88314415136,5888.117459181405,27186.0
264780.91634571453,5888.084257618233,27366.0
264799.3952310775,5869.605372255261,27411.0
264824.166549377,5844.834053955739,27572.0
264824.19472142466,5844.805881908105,27835.0
264854.8114274354,5814.189175897394,27892.0
264854.8988682207,5814.101735112083,28276.0
264854.9535875269,5814.047015805845,28425.0
264855.0335636793,5813.967039653449,28492.0
264874.15341843315,5794.847184899612,28617.0
264898.592192791,5770.408410541771,28777.0
264898.6620354062,5770.338567926548,29542.0
264908.45124747645,5760.549355856318,29598.0
264908.8414936746,5760.159109658154,30617.0
264920.4210145567,5748.579588776047,30802.0
264920.43526784494,5748.56533548783,31042.0
264923.3912135772,5745.609389755584,31283.0
264925.0960337607,5743.904569572071,31580.0
264939.08319511364,5729.917408219131,31763.0
264939.39185001515,5729.608753317618,32027.0
264944.9689813393,5724.031621993461,32315.0
264945.06273130706,5723.937872025708,32394.0
264945.2821228821,5723.718480450683,32656.0
264945.3486407863,5723.651962546457,32678.0
264945.87058713444,5723.130016198324,32850.0
264954.28995228827,5714.710651044501,32978.0
264955.5644185845,5713.4361847482505,33592.0
264956.24306958297,5712.757533749798,34363.0
264956.95167233155,5712.04893100122,34443.0
264994.6512188921,5674.349384440691,34511.0
264994.67124044185,5674.329362890916,34994.0
264994.7135946866,5674.287008646177,35201.0
265128.66748722567,5540.333116107096,35283.0
265128.81186637457,5540.188736958196,35760.0
265133.5667719291,5535.433831403672,35829.0
265133.7034722794,5535.297131053347,35923.0
265133.73150002235,5535.26910331042,36168.0
265222.31393144676,5446.686671886011,36423.0
265312.744290947,5356.2563123857835,36586.0
265312.7975651827,5356.203038150095,36828.0
265312.8395655932,5356.161037739541,36884.0
265318.6754098453,5350.325193487457,36986.0
265318.7139911714,5350.286612161377,38019.0
265319.0147627246,5349.985840608191,38179.0
265336.9870944088,5332.013508923992,38247.0
265337.1861599092,5331.814443423587,38385.0
265337.5890899006,5331.411513432162,38580.0
265337.58999101917,5331.410612313601,38763.0
265337.59639057884,5331.404212753929,38914.0
265337.74875694857,5331.251846384199,39797.0
265337.8373335285,5331.163269804267,39957.0
265337.9642878514,5331.036315481353,40186.0
265338.0284851938,5330.972118138976,40724.0
265338.0680262232,5330.932577109546,41218.0
265338.06881498155,5330.931788351212,41434.0
265339.5733144204,5329.427288912353,41479.0
265339.5986858895,5329.4019174432615,41628.0
265339.61579455005,5329.384808782721,42121.0
265340.2754088169,5328.725194515893,42144.0
265351.897646453,5317.102956879768,42442.0
265351.9792775491,5317.021325783688,43095.0
265352.00535439013,5316.995248942636,43358.0
265352.00913912425,5316.9914642085205,43771.0
265352.0549168192,5316.945686513558,43998.0
265366.80563327926,5302.194970053504,44343.0
265366.89446697535,5302.106136357412,44388.0
265393.0328926217,5275.967710711062,44549.0
265393.03530325333,5275.965300079435,46069.0
265393.5012616442,5275.4993416885845,46216.0
265393.53165395505,5275.468949377711,46434.0
265393.9620125678,5275.038590764976,46547.0
265399.0402735835,5269.960329749272,47368.0
265399.6631152941,5269.33748803864,47849.0
265400.64193760406,5268.358665728709,47883.0
265429.7304560449,5239.270147287869,48557.0
265433.14302603464,5235.857577298128,48796.0
265433.15178634966,5235.848816983111,50509.0
265433.29811153776,5235.702491795004,50692.0
265459.58015484986,5209.42044848291,51068.0
265459.5972319695,5209.403371363238,51113.0
265459.64486260776,5209.355740725005,51354.0
265459.74403467594,5209.256568656827,51388.0
265496.9649125257,5172.035690807039,52142.0
265497.10203713283,5171.898566199932,52325.0
265497.4031674056,5171.597435927193,52382.0
265497.4199876205,5171.5806157122715,52404.0
265515.6077861748,5153.392817157961,53209.0
265515.6537116426,5153.346891690162,53354.0
265515.69972996117,5153.300873371598,53387.0
265515.721406952,5153.279196380754,53601.0
265515.9779344958,5153.022668836988,53937.0
265516.48365004046,5152.516953292303,54175.0
265516.9440399607,5152.0565633720835,54332.0
265516.9612981055,5152.039305227285,54521.0
265516.98170036223,5152.018902970536,54622.0
265517.0057274101,5151.994875922683,55183.0
265517.00877482054,5151.991828512226,56106.0
265517.0505531541,5151.950050178682,56161.0
265517.0698024466,5151.930800886184,56216.0
265517.0855456819,5151.915057650884,56350.0
265530.90674854076,5138.093854792009,56876.0
265533.22515609756,5135.77544723521,58055.0
265534.63769082475,5134.362912508019,58234.0
265534.7630969569,5134.237506375881,58393.0
265540.90597983345,5128.094623499317,58505.0
265557.04817996745,5111.952423365321,58638.0
265557.05566308444,5111.94494024833,59001.0
265557.3794567009,5111.621146631893,61582.0
265557.41681858915,5111.58378474362,61604.0
265557.99286163226,5111.007741700509,62716.0
265562.0362766649,5106.96432666789,62996.0
265562.10602634214,5106.894576990628,63806.0
265562.11697951134,5106.883623821428,64020.0
265562.25328011357,5106.747323219199,66156.0
265562.2821855612,5106.718417771568,67829.0
265562.7275764114,5106.273026921379,68682.0
265602.8803614168,5066.120241915982,69090.0
265664.6941738194,5004.306429513381,70494.0
265702.96657556825,4966.0340277645155,70831.0
265703.16778147087,4965.832821861899,70887.0
265703.24010253965,4965.760500793112,71024.0
265703.2531636381,4965.747439694649,71823.0
265703.41342690267,4965.587176430097,72185.0
265739.42658741365,4929.574015919119,72476.0
265739.5519508079,4929.44865252485,72498.0
265739.80190641654,4929.198696916224,73262.0
265739.80426370166,4929.196339631104,73544.0
265739.80783774855,4929.1927655842155,73635.0
265740.0878847762,4928.9127185565885,73658.0
265768.42756415054,4900.573039182229,75626.0
265768.7367108663,4900.263892466493,76612.0
265769.02012474416,4899.980478588608,76723.0
265769.1700984586,4899.830504874175,78002.0
265769.41609530896,4899.584508023807,78237.0
265769.5139721358,4899.486631196982,78596.0
265769.53981248656,4899.460790846206,79685.0
265769.5635300357,4899.437073297042,79976.0
265769.5750619391,4899.425541393692,80099.0
265769.58076307806,4899.4198402547045,80962.0
265769.9471623021,4899.053441030672,81377.0
265771.6121269678,4897.388476364955,82976.0
265777.61489307845,4891.385710254312,85500.0
265777.6668518482,4891.333751484577,85993.0
265777.9714422528,4891.029161079961,86094.0
265778.94867672544,4890.051926607324,86438.0
265786.98600432,4882.014599012793,86538.0
265786.993213686,4882.00738964678,86840.0
265787.2329820317,4881.767621301056,87234.0
265787.2340762751,4881.766527057684,87368.0
265787.29963790695,4881.7009654258145,87479.0
265787.3517238643,4881.648879468441,88589.0
265787.4908698217,4881.509733511077,88633.0
265787.7328847678,4881.267718564952,89005.0
265800.4350660985,4868.565537234244,89317.0
265800.43793212523,4868.562671207532,89747.0
265800.46737937815,4868.5332239546115,93117.0
265800.4967502913,4868.503853041446,95288.0
265804.36964063713,4864.630962695635,95503.0
265804.3703645787,4864.630238754093,95694.0
265804.6571221773,4864.343481155462,97051.0
265804.68313312193,4864.317470210837,97185.0
265804.7053015456,4864.295301787148,98140.0
265827.471605297,4841.528998035763,98453.0
265828.11029106664,4840.890312266129,98645.0
265828.1515937072,4840.8490096255555,100912.0
265828.15456399694,4840.8460393358255,101058.0
265828.1775541484,4840.823049184342,102283.0
265828.1917043784,4840.808898954361,105241.0
265828.2240147335,4840.776588599256,107091.0
265828.9920414212,4840.008561911585,107203.0
265828.99224905303,4840.0083542797365,107698.0
265829.2616116366,4839.738991696155,107836.0
265829.2660136204,4839.734589712345,108504.0
265829.4787667085,4839.521836624248,108615.0
265829.5233877533,4839.477215579478,110282.0
265829.52413438866,4839.476468944107,110788.0
265829.6176653866,4839.382937946182,111405.0
265829.61990513274,4839.380698200024,111539.0
265829.96535730443,4839.035246028332,113576.0
265829.96747040196,4839.03313293081,113968.0
265829.9842054158,4839.016397916945,114060.0
265830.1924185988,4838.808184733964,114106.0
265830.1944761482,4838.8061271845945,114846.0
265830.20224860415,4838.798354728613,115446.0
265835.4422446371,4833.558358695649,115580.0
265835.44847736653,4833.552125966235,116891.0
265835.45169136603,4833.548911966733,117521.0
265835.458396556,4833.542206776794,118982.0
265835.7732124774,4833.227390855376,119492.0
265835.79618627037,4833.204417062399,120074.0
265835.8019613305,4833.198642002244,121964.0
265837.04180162237,4831.958801710396,122087.0
265837.139664689,4831.860938643746,122547.0
265837.3493679816,4831.651235351164,124614.0
265838.3980427683,4830.602560564468,127056.0
265840.11286640156,4828.88773693121,128010.0
265840.1199114684,4828.880691864353,128659.0
265840.76585766854,4828.234745664231,129235.0
265840.8107535523,4828.189849780465,130996.0
265840.8115147077,4828.189088625077,131176.0
265840.8116691674,4828.188934165344,135375.0
265844.7049501629,4824.295653169858,138213.0
265844.7230325918,4824.27757074096,138977.0
265844.72912111063,4824.271482222131,140202.0
265845.5822708256,4823.418332507194,142681.0
265846.1337669584,4822.866836374393,142999.0
265846.22036239505,4822.780240937718,143373.0
265846.22139838984,4822.779204942926,143922.0
265846.22284922295,4822.7777541098185,145747.0
265846.2437735009,4822.756829831866,145792.0
265846.81359324954,4822.187010083231,147836.0
265846.83434143045,4822.166261902312,151162.0
265846.84153413435,4822.159069198417,155041.0
265846.93543079693,4822.065172535833,157724.0
265846.9749775559,4822.025625776849,157977.0
265847.0752106764,4821.925392656354,159438.0
265847.07826341013,4821.922339922632,162840.0
265847.0795306426,4821.921072690166,165505.0
265847.2624898801,4821.73811345268,167443.0
265867.5933260651,4801.407277267659,168342.0
265871.7304711625,4797.270132170292,168548.0
265963.9449174305,4705.055685902247,169395.0
265965.0174434777,4703.983159855066,169614.0
265981.4427013005,4687.557902032277,169681.0
265981.46876126586,4687.531842066906,170898.0
265981.4688340405,4687.5317692922545,172057.0
265981.46990892035,4687.530694412417,176729.0
265981.7607614999,4687.239841832838,178570.0
265981.857063645,4687.143539687793,179342.0
265981.9198536373,4687.08074969548,180933.0
265982.0191162355,4686.981487097277,181828.0
265982.721826003,4686.278777329775,182620.0
265983.36484035436,4685.635762978403,182701.0
265983.3837442538,4685.616859078989,183797.0
265983.48059146217,4685.520011870598,184434.0
265983.5672322357,4685.433371097082,188007.0
265983.5749528799,4685.425650452846,193873.0
265983.5780928287,4685.422510504082,197555.0
265984.711997277,4684.288606055779,197855.0
265984.9047592928,4684.0958440399845,199256.0
265985.24349071865,4683.757112614112,199369.0
265985.24977172044,4683.750831612328,202267.0
265985.960173367,4683.0404299657675,202312.0
265986.5726345493,4682.427968783479,203557.0
265986.92641056905,4682.074192763714,204022.0
265987.241079374,4681.759523958783,204667.0
265987.2428918408,4681.757711491955,206660.0
265987.3665678321,4681.63403550064,207693.0
265987.3696027916,4681.631000541151,208702.0
265987.3703999509,4681.630203381879,208804.0
265992.6778231918,4676.322780140967,210279.0
265992.9515993325,4676.049004000262,212851.0
265992.9671190104,4676.033484322368,213143.0
265992.96877232136,4676.031831011409,214637.0
265992.97924100334,4676.021362329426,215915.0
265992.9797009135,4676.020902419288,216578.0
265995.9992218622,4673.001381470589,221254.0
265996.1136598992,4672.88694343355,221399.0
265998.9262795052,4670.074323827575,221523.0
265999.100002689,4669.90060064377,227725.0
265999.580315656,4669.420287676738,228891.0
265999.6170151424,4669.383588190365,230839.0
265999.757070669,4669.243532663793,232003.0
265999.8491128209,4669.151490511838,233219.0
265999.86779250804,4669.132810824725,233694.0
265999.86902118573,4669.131582147034,234088.0
265999.92215983756,4669.0784434952075,234192.0
265999.9348707776,4669.065732555173,236272.0
265999.98713376635,4669.0134695664165,237911.0
265999.98872243904,4669.011880893726,238794.0
266000.04489773535,4668.955705597415,248863.0
266000.05127721553,4668.949326117232,250582.0
266000.077092716,4668.923510616762,252157.0
266000.31612291763,4668.684480415133,254664.0
266000.51133015176,4668.4892731810105,260710.0
266000.6756433739,4668.324959958845,260754.0
266002.03866767115,4666.961935661617,261892.0
266033.60183326446,4635.3987700683065,267404.0
266033.90482878947,4635.095774543297,267516.0
266034.1134363915,4634.887166941247,273510.0
266034.11439608975,4634.88620724302,274372.0
266034.23340856296,4634.767194769811,275388.0
266034.52158217103,4634.4790211617365,275523.0
266034.5517707712,4634.448832561553,276346.0
266034.62398022896,4634.376623103803,282898.0
266035.14635890414,4633.854244428629,284980.0
266045.22544070834,4623.775162624428,285656.0
266045.225827391,4623.77477594174,287777.0
266045.4865341681,4623.5140691646375,287926.0
266045.50839730084,4623.492206031922,288264.0
266045.58693434775,4623.413668985013,293803.0
266045.6572381962,4623.343365136592,294323.0
266045.6576603636,4623.342942969175,300243.0
266045.68891157664,4623.311691756127,307094.0
266045.71677210846,4623.283831224311,307453.0
266045.8451573885,4623.155445944285,309351.0
266045.8456145686,4623.154988764145,312147.0
266048.83843016636,4620.162173166405,313304.0
266048.8770090437,4620.1235942890635,317228.0
266049.0034884542,4619.997114878555,317440.0
266049.17042465013,4619.830178682634,318419.0
266049.17063978803,4619.829963544733,320130.0
266049.3485269831,4619.652076349652,320196.0
266049.5359263672,4619.464676965552,320610.0
266050.59274737554,4618.407855957223,321025.0
266050.6700481133,4618.330555219494,323766.0
266050.7538335298,4618.246769802994,324566.0
266051.0417898631,4617.958813469682,325677.0
266051.04268525355,4617.957918079221,330494.0
266051.0925785347,4617.908024798089,330584.0
266051.1968157099,4617.803787622892,333389.0
266051.1969871287,4617.803616204066,333726.0
266051.210518739,4617.790084593755,335682.0
266051.4273857719,4617.573217560886,336802.0
266051.46160347125,4617.538999861514,340171.0
266051.5165093745,4617.484093958279,342291.0
266051.527838676,4617.472764656763,343712.0
266051.542693106,4617.457910226774,345457.0
266051.54448370857,4617.456119624199,346333.0
266051.57849895884,4617.4221043739235,351466.0
266051.63370430865,4617.366899024113,352891.0
266051.7367717634,4617.2638315693475,353913.0
266051.73687272787,4617.2637306049,369706.0
266104.32471076096,4564.675892571802,371728.0
266104.56924127927,4564.431362053496,372063.0
266104.5866943239,4564.413909008843,373336.0
266104.9879649944,4564.012638338376,374214.0
266104.9932109255,4564.0073924072785,377572.0
266105.0585884349,4563.9420148978825,378190.0
266105.0705855572,4563.930017775565,378641.0
266105.0962372164,4563.904366116389,381152.0
266105.09744336305,4563.903159969719,383649.0
266105.54716007615,4563.453443256614,386423.0
266105.5475808546,4563.453022478148,386469.0
266107.8788207195,4561.121782613278,387516.0
266108.0712792813,4560.929324051482,388100.0
266108.07905559253,4560.921547740232,389074.0
266108.2035665643,4560.797036768461,389497.0
266108.9879368325,4560.01266650029,389581.0
266108.98821951903,4560.012383813737,390587.0
266109.59865628596,4559.401947046805,391676.0
266109.7807492354,4559.219854097348,393758.0
266109.8961011819,4559.104502150847,395676.0
266163.69151213707,4505.309091195697,396587.0
266163.69226096413,4505.308342368633,396884.0
266163.72001081234,4505.28059252043,397569.0
266164.39356040035,4504.607042932417,400221.0
266164.5021513304,4504.498452002357,400735.0
266164.661261063,4504.339342269755,402554.0
266164.73217274767,4504.2684305851,402589.0
266164.77124000585,4504.229363326915,402983.0
266165.12086843984,4503.879734892922,403631.0
266165.14124514523,4503.859358187532,403863.0
266165.1493049479,4503.851298384892,410214.0
266165.1572677293,4503.84333560348,413478.0
266165.16639176355,4503.834211569221,417869.0
266165.1709074557,4503.829695877095,425288.0
266165.1710499191,4503.8295534136705,428018.0
266165.17953897145,4503.821064361313,428389.0
266165.1940550333,4503.8065482994425,429544.0
266165.19607123715,4503.804532095615,431964.0
266165.20000919054,4503.800594142231,432862.0
266165.24187770265,4503.758725630119,434125.0
266165.24271735316,4503.757885979605,435157.0
266165.2446752714,4503.755928061379,436159.0
266165.2646289472,4503.735974385578,437445.0
266165.2817624867,4503.718840846093,438469.0
266170.82700498047,4498.173598352296,440721.0
266170.8347420645,4498.165861268295,440894.0
266170.8359015919,4498.1647017408395,445380.0
266170.8928293394,4498.107773993339,446468.0
266170.8972780621,4498.10332527064,450414.0
266170.91459685814,4498.086006474623,450774.0
266170.91517657955,4498.085426753212,450900.0
266170.9202987366,4498.080304596166,451342.0
266170.9261175504,4498.074485782359,453550.0
266170.9281537655,4498.072449567262,456763.0
266170.9818367692,4498.01876656356,459483.0
266170.98201654444,4498.0185867883265,460376.0
266170.99133373867,4498.009269594098,460700.0
266171.00717802736,4497.993425305409,462687.0
266171.00762692536,4497.992976407404,462778.0
266171.91696029267,4497.083643040096,470897.0
266172.04621082917,4496.954392503598,470964.0
266172.0753579902,4496.925245342543,474116.0
266172.0762999926,4496.9243033401435,476907.0
266172.3228678237,4496.67773550906,480519.0
266172.3295590179,4496.671044314862,482441.0
266172.3641224225,4496.636480910238,486825.0
266172.3651095271,4496.63549380569,487208.0
266172.458826114,4496.54177721875,489861.0
266172.6372913256,4496.363312007161,490551.0
266173.0017694714,4495.998833861377,491906.0
266173.03829334123,4495.962309991533,492102.0
266173.1185849604,4495.882018372358,495754.0
266173.1618609512,4495.838742381544,496490.0
266173.2081545927,4495.792448740045,496513.0
266173.2122417368,4495.788361595944,498575.0
266173.21427139395,4495.7863319388125,498621.0
266173.23610390583,4495.764499426936,499118.0
266173.2814400996,4495.7191632331815,505502.0
266173.2960306811,4495.704572651652,508118.0
266173.3056415883,4495.694961744477,508244.0
266173.4905214098,4495.510081922985,508580.0
266173.49906663346,4495.501536699303,509277.0
266173.56811503303,4495.432488299732,511078.0
266173.568234011,4495.432369321759,516835.0
266173.57486809074,4495.4257352420245,520024.0
266173.574887065,4495.425716267782,520894.0
266173.6752071242,4495.325396208558,526772.0
266173.70532010874,4495.295283224026,527842.0
266173.8573946883,4495.143208644469,528221.0
266173.86990059726,4495.130702735507,530900.0
266173.88108987163,4495.1195134611335,534249.0
266173.88256718643,4495.118036146334,536550.0
266173.96476549783,4495.035837834934,537359.0
266173.9806173276,4495.019986005151,545294.0
266174.0456368584,4494.954966474383,546366.0
266174.04898641986,4494.951616912906,547165.0
266174.26350134605,4494.737101986713,547784.0
266174.398586743,4494.602016589779,547850.0
266174.4188494021,4494.581753930659,548142.0
266174.45803134673,4494.542571986036,550757.0
266174.5268425457,4494.473760787048,572861.0
266174.5279752882,4494.472628044547,573267.0
266174.54329857766,4494.457304755109,573452.0
266174.6042811908,4494.396322141984,574800.0
266174.6057594339,4494.394843898888,577980.0
266174.60631650797,4494.394286824798,579540.0
266174.60926304926,4494.391340283502,584786.0
266174.80688219384,4494.19372113893,592801.0
266174.81131704274,4494.189286290028,596293.0
266174.8249817029,4494.175621629867,598656.0
266174.8310626114,4494.169540721341,602643.0
266174.8322587373,4494.1683445954695,602700.0
266174.83228685876,4494.16831647401,608314.0
266174.8919945492,4494.108608783572,614243.0
266174.9073738996,4494.093229433172,616458.0
266174.91949395125,4494.081109381514,632220.0
266174.92436149257,4494.076241840201,632759.0
266174.935550565,4494.06505276775,644490.0
266174.9381715038,4494.062431828992,648332.0
266174.9381840962,4494.062419236579,657664.0
266174.938204422,4494.062398910755,667930.0
266174.93830452324,4494.062298809527,672386.0
266174.9396193269,4494.0609840058605,675243.0
266174.94036439824,4494.0602389345295,696411.0
266175.1889045157,4493.811698817066,696606.0
266175.859545438,4493.14105789474,705878.0
266175.96506333316,4493.035539999604,707370.0
266175.96525381244,4493.035349520331,712007.0
266175.9662433781,4493.034359954647,714864.0
266175.99818718573,4493.002416147036,717182.0
266176.0039185948,4492.996684737969,718629.0
266176.01247073704,4492.988132595725,719916.0
266177.96013042296,4491.040472909808,723171.0
266177.9623068091,4491.038296523679,724813.0
266178.0046159506,4490.995987382194,728736.0
266178.01955452765,4490.981048805115,730511.0
266178.0356963155,4490.964907017245,731945.0
266178.0480038329,4490.95259949984,736465.0
266178.0487460367,4490.9518572960515,743626.0
266178.05561778066,4490.944985552109,744473.0
266178.05772849004,4490.942874842731,747660.0
266178.1400873279,4490.860516004846,763453.0
266178.14157542697,4490.859027905797,767188.0
266178.150319686,4490.8502836467815,769684.0
266178.15328826464,4490.847315068124,771859.0
266178.1540995536,4490.846503779176,772298.0
266178.1542270558,4490.8463762769825,776224.0
266178.15512994415,4490.845473388617,794658.0
266178.1552421901,4490.845361142652,801027.0
266178.1594830627,4490.841120270081,802971.0
266236.1845311498,4432.816072182963,806612.0
266236.1909335198,4432.809669812967,811637.0
266236.2828944589,4432.717708873854,813180.0
266236.5764728339,4432.424130498839,824826.0
266236.59967692656,4432.400926406204,825277.0
266236.60057731223,4432.400026020536,828394.0
266236.6797618326,4432.320841500186,834619.0
266236.7331594373,4432.267443895456,835080.0
266236.7339152432,4432.266688089585,843898.0
266236.76020980213,4432.240393530636,844011.0
266236.76452333096,4432.236080001807,845080.0
266236.76460424997,4432.235999082797,847138.0
266236.7703735211,4432.230229811685,854856.0
266236.87093045434,4432.129672878422,871648.0
266236.9156555008,4432.084947831987,875006.0
266236.91679970594,4432.083803626825,875567.0
266236.93219129223,4432.068412040535,876624.0
266236.93678854493,4432.063814787834,882852.0
266237.72922901815,4431.271374314616,906709.0
266237.7322389943,4431.268364338495,907079.0
266237.8815102393,4431.119093093439,908901.0
266238.33089314273,4430.669710190035,914816.0
266238.3558230164,4430.64478031639,915647.0
266238.3638006006,4430.636802732188,918136.0
266238.4020115586,4430.598591774178,921829.0
266238.4168286727,4430.583774660074,923298.0
266238.41864169034,4430.581961642427,925684.0
266238.4429975078,4430.557605824957,935659.0
266238.4722511597,4430.528352173045,941102.0
266238.488748734,4430.511854598764,941694.0
266238.4925918316,4430.508011501166,944171.0
266238.72572940367,4430.274873929098,948624.0
266238.7259138972,4430.274689435551,954629.0
266238.73069293535,4430.2699103974155,956134.0
266238.73759133444,4430.263011998322,959274.0
266238.73863684153,4430.2619664912345,965997.0
266238.7662815467,4430.234321786091,968259.0
266238.7727537867,4430.227849546063,969550.0
266238.7780351899,4430.222568142868,973124.0
266238.8410192264,4430.159584106354,978725.0
266238.9852294951,4430.015373837668,979763.0
266238.9888235083,4430.011779824446,981636.0
266239.0229329356,4429.977670397144,991171.0
266239.0277353404,4429.972867992357,992361.0
266239.0309922691,4429.969611063658,992383.0
266239.0372797642,4429.963323568576,993775.0
266239.0408665793,4429.959736753488,999469.0
266239.0421535883,4429.958449744445,1007413.0
266239.04882714537,4429.951776187401,1011133.0
266239.08720139007,4429.9134019427,1014296.0
266239.09660450835,4429.9039988244185,1016641.0
266239.1064666417,4429.8941366910585,1020412.0
266239.1240118216,4429.876591511187,1023754.0
266239.1245597746,4429.876043558179,1030288.0
266239.15805478336,4429.842548549408,1033442.0
266239.18364377925,4429.816959553515,1034159.0
266239.19641382084,4429.804189511924,1036050.0
266239.2039671571,4429.796636175655,1036436.0
266239.20396840636,4429.7966349264025,1039561.0
266239.20565936086,4429.794943971909,1044552.0
266239.2106040957,4429.789999237051,1048959.0
266239.2438089244,4429.756794408371,1050056.0
266239.27874711074,4429.721856222022,1052975.0
266239.2944816229,4429.706121709838,1053758.0
266239.2980556609,4429.702547671855,1059941.0
266239.3016259219,4429.6989774108515,1061625.0
266239.3209019423,4429.679701390443,1064962.0
266239.32246244,4429.678140892764,1070454.0
266239.3226170851,4429.67798624764,1086326.0
266239.3232587872,4429.677344545547,1087195.0
266241.27331778256,4427.727285550209,1088620.0
266241.274156605,4427.726446727756,1089631.0
266241.72379176517,4427.276811567601,1091207.0
266241.74804469006,4427.252558642707,1093543.0
266241.75533662696,4427.24526670581,1094542.0
266241.75573068985,4427.244872642914,1099453.0
266241.7563458497,4427.244257483049,1101542.0
266241.8622639381,4427.138339394645,1102576.0
266241.8675465995,4427.133056733292,1108232.0
266241.8928250407,4427.107778292091,1111544.0
266241.97462195926,4427.025981373503,1112635.0
266241.97492557386,4427.025677758909,1113174.0
266242.01720716176,4426.98339617101,1113636.0
266242.0174423987,4426.983160934062,1113680.0
266242.0192246903,4426.981378642493,1120617.0
266242.0296203058,4426.970983026957,1140594.0
266242.03341102635,4426.967192306416,1141034.0
266242.0336671419,4426.966936190845,1168253.0
266242.03634846,4426.964254872757,1174069.0
266242.0366967106,4426.9639066221425,1175373.0
266242.0367040798,4426.963899252994,1181064.0
266242.03974225844,4426.960861074331,1182640.0
266242.0510694021,4426.949533930689,1183393.0
266242.05108960194,4426.949513730826,1190554.0
266242.0660084199,4426.934594912862,1191655.0
266242.06616916443,4426.934434168332,1191689.0
266242.06626864726,4426.934334685502,1200040.0
266242.0674168148,4426.93318651797,1201597.0
266244.2474206858,4424.753182646993,1216034.0
266244.2719588477,4424.7286444850615,1223264.0
266244.2828409514,4424.717762381362,1224354.0
266244.2828558942,4424.717747438583,1225553.0
266244.3075282638,4424.6930750689935,1237397.0
266244.3329732694,4424.66763006337,1239618.0
266244.3361081976,4424.664495135192,1258699.0
266244.3362027288,4424.664400603971,1260473.0
266244.3405689713,4424.66003436147,1264150.0
266244.3406324409,4424.659970891895,1265879.0
266244.34509379213,4424.655509540637,1271086.0
266244.36070647626,4424.6398968565045,1271926.0
266244.3631485792,4424.637454753567,1274798.0
266244.3670230879,4424.633580244845,1284114.0
266244.36703425494,4424.633569077821,1285747.0
266244.38918420655,4424.611419126217,1288061.0
266244.38918470906,4424.61141862371,1289600.0
266244.39596358925,4424.604639743513,1292678.0
266244.40717935713,4424.593423975632,1297839.0
266244.4349853277,4424.565618005057,1301481.0
266244.43597838003,4424.564624952734,1302211.0
266244.4421043582,4424.55849897454,1310205.0
266244.4432536075,4424.557349725277,1315766.0
266244.4432991209,4424.557304211892,1315903.0
266244.4462687689,4424.554334563843,1330455.0
266244.4463139987,4424.554289334046,1333966.0
266244.44689037924,4424.553712953522,1354736.0
266246.72401644127,4422.276586891501,1375353.0
266246.89742604736,4422.103177285404,1381632.0
266246.8974823583,4422.10312097444,1384084.0
266247.06418381253,4421.936419520236,1385690.0
266247.1554793804,4421.845123952371,1391947.0
266247.16666021047,4421.833943122299,1408417.0
266247.1711111068,4421.829492225952,1412936.0
266247.7256371148,4421.274966217985,1416196.0
266247.7392652618,4421.261338070966,1430806.0
266247.8070103517,4421.193592981086,1438044.0
266247.80956115073,4421.191042182036,1439607.0
266247.82269222336,4421.177911109407,1445525.0
266247.82290313713,4421.177700195636,1458930.0
266247.8548608676,4421.14574246516,1524191.0
266247.8740573434,4421.126545989362,1526598.0
266247.8779925188,4421.122610813938,1536474.0
266247.9014797804,4421.099123552383,1553178.0
266247.9084330135,4421.092170319287,1568252.0
266247.97023240844,4421.030370924331,1590846.0
266248.1401161244,4420.860487208352,1595410.0
266248.15713165235,4420.843471680419,1599223.0
266248.1645516154,4420.836051717342,1604702.0
266248.20581353066,4420.794789802108,1613746.0
266248.20595829835,4420.794645034417,1660650.0
266248.2452821969,4420.755321135861,1695156.0
266260.35479592707,4408.645807405701,1695507.0
266260.4612481746,4408.539355158166,1699924.0
266260.6677930133,4408.3328103194945,1701487.0
266260.6707623496,4408.329840983148,1705760.0
266260.7604884552,4408.2401148775825,1708937.0
266262.189479732,4406.8111236007535,1712390.0
266262.6192059458,4406.381397386955,1712925.0
266262.8015759702,4406.199027362571,1713525.0
266262.8176007378,4406.183002594975,1720148.0
266262.81779820303,4406.182805129734,1720181.0
266262.90939361573,4406.091209717037,1726981.0
266263.0307243978,4405.969878934964,1730764.0
266263.03074081277,4405.969862519996,1732311.0
266263.0768557976,4405.923747535155,1736108.0
266263.24246129615,4405.758142036619,1738902.0
266268.1453731545,4400.8552301782765,1740439.0
266268.29188501893,4400.708718313836,1742664.0
266268.31835738645,4400.682245946315,1743269.0
266268.3199890891,4400.680614243669,1745946.0
266268.5461773179,4400.454426014854,1756856.0
266268.6043924693,4400.396210863488,1757240.0
266268.63109662395,4400.369506708812,1758373.0
266268.67045553675,4400.330147796019,1759022.0
266269.0929430203,4399.907660312485,1760615.0
266269.1596377914,4399.840965541371,1763486.0
266269.17647089856,4399.824132434209,1764586.0
266269.25315013353,4399.747453199234,1765102.0
266269.26505749364,4399.735545839125,1766410.0
266269.31120124453,4399.689402088232,1768028.0
266269.3658124588,4399.63479087397,1768757.0
266269.47018870804,4399.530414624722,1769550.0
266269.4881895301,4399.512413802673,1770784.0
266269.6954004704,4399.305202862364,1772323.0
266269.8229977615,4399.1776055712835,1773052.0
266269.83238095953,4399.168222373235,1773422.0
266269.84484138835,4399.155761944421,1777413.0
266269.8704050474,4399.130198285391,1777634.0
266269.8788936107,4399.121709722094,1782446.0
266269.911259943,4399.089343389787,1786610.0
266269.9182089061,4399.082394426689,1787060.0
266269.93289825425,4399.067705078516,1789601.0
266269.93374208926,4399.066861243511,1797924.0
266269.937591996,4399.063011336781,1803969.0
266270.05007644405,4398.950526888715,1822301.0
266270.0583569497,4398.942246383056,1823659.0
266270.0731170671,4398.92748626566,1825480.0
266270.0859183353,4398.914684997464,1826046.0
266270.08947139286,4398.911131939909,1826114.0
266270.09118596057,4398.909417372197,1829852.0
266270.09755226417,4398.903051068599,1834509.0
266270.1003747406,4398.90022859216,1843944.0
266270.10273263854,4398.897870694229,1844496.0
266270.22349720617,4398.777106126596,1845353.0
266270.22624010383,4398.774363228935,1855659.0
266270.2378143456,4398.762788987195,1870904.0
266270.2394358504,4398.7611674823565,1891849.0
266270.2576811143,4398.742922218458,1899934.0
266270.26724873076,4398.733354602009,1903749.0
266270.28093459876,4398.719668734004,1905784.0
266270.28409254766,4398.716510785103,1908792.0
266270.2841813866,4398.716421946185,1915821.0
266270.28921440564,4398.711388927128,1921327.0
266270.6039295471,4398.396673785639,1933797.0
266270.60979644785,4398.390806884912,1956345.0
266270.6575084913,4398.343094841461,1977518.0
266271.0748705455,4397.925732787291,1977618.0
266271.07699000783,4397.923613324936,1978979.0
266271.0989453399,4397.9016579928575,1987770.0
266271.10171973315,4397.898883599613,1990160.0
266271.1104628632,4397.8901404695935,1997352.0
266271.1209129449,4397.879690387868,2004422.0
266271.12513571145,4397.875467621314,2005850.0
266271.3224107735,4397.67819255928,2006912.0
266271.32343603007,4397.677167302696,2010245.0
266271.32924769295,4397.671355639817,2017801.0
266271.3329111469,4397.667692185845,2021127.0
266271.362859364,4397.637743968749,2030555.0
266271.3633421112,4397.637261221593,2034657.0
266271.3648511654,4397.635752167378,2037463.0
266271.5190338727,4397.481569460069,2041967.0
266271.52791857184,4397.472684760927,2043905.0
266271.548618236,4397.451985096792,2059184.0
266271.5570637983,4397.443539534463,2060319.0
266271.55804873497,4397.442554597801,2062423.0
266271.5674448762,4397.433158456581,2067214.0
266271.58090538334,4397.41969794943,2078041.0
266271.5861324913,4397.414470841468,2105169.0
266271.587054749,4397.413548583747,2112146.0
266271.5934061106,4397.407197222172,2128806.0
266271.59565838386,4397.40494494891,2131761.0
266271.59656007425,4397.404043258517,2142967.0
266283.07902410405,4385.921579228714,2144020.0
266283.15968005324,4385.840923279524,2152050.0
266283.217045672,4385.783557660761,2159137.0
266283.220017892,4385.780585440749,2164898.0
266283.22007349785,4385.780529834912,2185221.0
266283.2267910051,4385.77381232765,2185698.0
266300.12879356195,4368.871809770819,2191287.0
266300.15555790084,4368.8450454319245,2191309.0
266300.53230861714,4368.468294715625,2191466.0
266300.54437844414,4368.456224888621,2192365.0
266300.5464298752,4368.454173457576,2198657.0
266300.5516488154,4368.448954517371,2204946.0
266300.5876266878,4368.412976644991,2205753.0
266300.8162249312,4368.184378401551,2214475.0
266301.0441307819,4367.956472550868,2217777.0
266301.04516070575,4367.955442627019,2222329.0
266301.0649172834,4367.935686049343,2229336.0
266301.06717141723,4367.933431915531,2231051.0
266301.07438465446,4367.926218678302,2248553.0
266301.0815451033,4367.919058229483,2248721.0
266301.08490803145,4367.915695301315,2256264.0
266301.08592967986,4367.914673652907,2267456.0
266301.0994446859,4367.901158646855,2274965.0
266301.1137976283,4367.886805704446,2278661.0